﻿<?xml version="1.0" encoding="utf-8"?>
<deployment>
  <id>bb6f86bcc5614a42a51d4fe87261fe0c</id>
  <author>N/A</author>
  <deployer>ZipDeploy</deployer>
  <authorEmail>N/A</authorEmail>
  <message>Created via a push deployment</message>
  <progress></progress>
  <status>Success</status>
  <statusText></statusText>
  <lastSuccessEndTime>2026-02-05T13:21:29.5605604Z</lastSuccessEndTime>
  <receivedTime>2026-02-05T13:21:27.2324133Z</receivedTime>
  <startTime>2026-02-05T13:21:27.9824262Z</startTime>
  <endTime>2026-02-05T13:21:29.5605604Z</endTime>
  <complete>True</complete>
  <is_temp>False</is_temp>
  <is_readonly>True</is_readonly>
  <project_type>Run-From-Zip</project_type>
  <vsproject_id></vsproject_id>
</deployment>