<Events><Event><System><Provider Name="IIS AspNetCore Module V2"/><EventID>1033</EventID><Level>4</Level><Task>0</Task><Keywords>Keywords</Keywords><TimeCreated SystemTime="2026-02-05T13:09:29Z"/><EventRecordID>58326843</EventRecordID><Channel>Application</Channel><Computer>172-24-0-8</Computer><Security/></System><EventData><Data>Application 'MACHINE/WEBROOT/APPHOST/MAWSFNPLACEHOLDER92_F_V4_NODE_20_X86' has shutdown.</Data><Data>Process Id: 3500.</Data><Data>File Version: 18.0.25301.22. Description: IIS ASP.NET Core Module V2 Request Handler. Commit: </Data></EventData></Event><Event><System><Provider Name="IIS AspNetCore Module V2"/><EventID>1033</EventID><Level>4</Level><Task>0</Task><Keywords>Keywords</Keywords><TimeCreated SystemTime="2026-02-05T13:14:55Z"/><EventRecordID>355390937</EventRecordID><Channel>Application</Channel><Computer>172-24-10-191</Computer><Security/></System><EventData><Data>Application 'MACHINE/WEBROOT/APPHOST/MAWSFNPLACEHOLDER590_F_V4_NODE_20_X86' has shutdown.</Data><Data>Process Id: 920.</Data><Data>File Version: 18.0.25301.22. Description: IIS ASP.NET Core Module V2 Request Handler. Commit: </Data></EventData></Event><Event><System><Provider Name="IIS AspNetCore Module V2"/><EventID>1032</EventID><Level>4</Level><Task>0</Task><Keywords>Keywords</Keywords><TimeCreated SystemTime="2026-02-05T13:15:04Z"/><EventRecordID>355400515</EventRecordID><Channel>Application</Channel><Computer>172-24-10-191</Computer><Security/></System><EventData><Data>Application 'C:\Program Files (x86)\SiteExtensions\Functions\4.1046.100\32bit\' started successfully.</Data><Data>Process Id: 8064.</Data><Data>File Version: 18.0.25301.22. Description: IIS ASP.NET Core Module V2 Request Handler. Commit: </Data></EventData></Event><Event><System><Provider Name="IIS AspNetCore Module V2"/><EventID>1033</EventID><Level>4</Level><Task>0</Task><Keywords>Keywords</Keywords><TimeCreated SystemTime="2026-02-05T13:17:50Z"/><EventRecordID>355566390</EventRecordID><Channel>Application</Channel><Computer>172-24-10-191</Computer><Security/></System><EventData><Data>Application 'MACHINE/WEBROOT/APPHOST/MAWSFNPLACEHOLDER590_F_V4_NODE_20_X86' has shutdown.</Data><Data>Process Id: 8064.</Data><Data>File Version: 18.0.25301.22. Description: IIS ASP.NET Core Module V2 Request Handler. Commit: </Data></EventData></Event><Event><System><Provider Name="ZipFS"/><EventID>0</EventID><Level>1</Level><Task>0</Task><Keywords>Keywords</Keywords><TimeCreated SystemTime="2026-02-05T13:19:01Z"/><EventRecordID>355637234</EventRecordID><Channel>Application</Channel><Computer>172-24-10-191</Computer><Security/></System><EventData><Data>Failed to open siteversion.txt. ZipFS setup failed. Error: 0x80070002</Data></EventData></Event><Event><System><Provider Name="ZipFS"/><EventID>0</EventID><Level>1</Level><Task>0</Task><Keywords>Keywords</Keywords><TimeCreated SystemTime="2026-02-05T13:20:01Z"/><EventRecordID>355697296</EventRecordID><Channel>Application</Channel><Computer>172-24-10-191</Computer><Security/></System><EventData><Data>Failed to open siteversion.txt. ZipFS setup failed. Error: 0x80070002</Data></EventData></Event><Event><System><Provider Name="ZipFS"/><EventID>0</EventID><Level>1</Level><Task>0</Task><Keywords>Keywords</Keywords><TimeCreated SystemTime="2026-02-05T13:21:01Z"/><EventRecordID>355757375</EventRecordID><Channel>Application</Channel><Computer>172-24-10-191</Computer><Security/></System><EventData><Data>Failed to open siteversion.txt. ZipFS setup failed. Error: 0x80070002</Data></EventData></Event><Event><System><Provider Name="IIS AspNetCore Module V2"/><EventID>1033</EventID><Level>4</Level><Task>0</Task><Keywords>Keywords</Keywords><TimeCreated SystemTime="2026-02-05T13:48:33Z"/><EventRecordID>130118500</EventRecordID><Channel>Application</Channel><Computer>172-24-1-26</Computer><Security/></System><EventData><Data>Application 'MACHINE/WEBROOT/APPHOST/MAWSFNPLACEHOLDER197_F_V4_NODE_20_X86' has shutdown.</Data><Data>Process Id: 7804.</Data><Data>File Version: 18.0.25301.22. Description: IIS ASP.NET Core Module V2 Request Handler. Commit: </Data></EventData></Event><Event><System><Provider Name="IIS AspNetCore Module V2"/><EventID>1033</EventID><Level>4</Level><Task>0</Task><Keywords>Keywords</Keywords><TimeCreated SystemTime="2026-02-05T17:52:41Z"/><EventRecordID>75236781</EventRecordID><Channel>Application</Channel><Computer>172-24-0-78</Computer><Security/></System><EventData><Data>Application 'MACHINE/WEBROOT/APPHOST/MAWSFNPLACEHOLDER99_F_V4_NODE_20_X86' has shutdown.</Data><Data>Process Id: 4596.</Data><Data>File Version: 18.0.25301.22. Description: IIS ASP.NET Core Module V2 Request Handler. Commit: </Data></EventData></Event><Event><System><Provider Name="IIS AspNetCore Module V2"/><EventID>1033</EventID><Level>4</Level><Task>0</Task><Keywords>Keywords</Keywords><TimeCreated SystemTime="2026-02-05T22:43:09Z"/><EventRecordID>33122890</EventRecordID><Channel>Application</Channel><Computer>172-24-0-114</Computer><Security/></System><EventData><Data>Application 'MACHINE/WEBROOT/APPHOST/MAWSFNPLACEHOLDER54_F_V4_NODE_20_X86' has shutdown.</Data><Data>Process Id: 7432.</Data><Data>File Version: 18.0.25301.22. Description: IIS ASP.NET Core Module V2 Request Handler. Commit: </Data></EventData></Event><Event><System><Provider Name="IIS AspNetCore Module V2"/><EventID>1032</EventID><Level>4</Level><Task>0</Task><Keywords>Keywords</Keywords><TimeCreated SystemTime="2026-02-05T22:43:18Z"/><EventRecordID>33131765</EventRecordID><Channel>Application</Channel><Computer>172-24-0-114</Computer><Security/></System><EventData><Data>Application 'C:\Program Files (x86)\SiteExtensions\Functions\4.1046.100\32bit\' started successfully.</Data><Data>Process Id: 7320.</Data><Data>File Version: 18.0.25301.22. Description: IIS ASP.NET Core Module V2 Request Handler. Commit: </Data></EventData></Event><Event><System><Provider Name="IIS AspNetCore Module V2"/><EventID>1033</EventID><Level>4</Level><Task>0</Task><Keywords>Keywords</Keywords><TimeCreated SystemTime="2026-02-05T22:44:12Z"/><EventRecordID>33185843</EventRecordID><Channel>Application</Channel><Computer>172-24-0-114</Computer><Security/></System><EventData><Data>Application 'MACHINE/WEBROOT/APPHOST/MAWSFNPLACEHOLDER54_F_V4_NODE_20_X86' has shutdown.</Data><Data>Process Id: 7320.</Data><Data>File Version: 18.0.25301.22. Description: IIS ASP.NET Core Module V2 Request Handler. Commit: </Data></EventData></Event><Event><System><Provider Name="IIS AspNetCore Module V2"/><EventID>1032</EventID><Level>4</Level><Task>0</Task><Keywords>Keywords</Keywords><TimeCreated SystemTime="2026-02-05T22:44:22Z"/><EventRecordID>33195953</EventRecordID><Channel>Application</Channel><Computer>172-24-0-114</Computer><Security/></System><EventData><Data>Application 'C:\Program Files (x86)\SiteExtensions\Functions\4.1046.100\32bit\' started successfully.</Data><Data>Process Id: 8104.</Data><Data>File Version: 18.0.25301.22. Description: IIS ASP.NET Core Module V2 Request Handler. Commit: </Data></EventData></Event><Event><System><Provider Name="IIS AspNetCore Module V2"/><EventID>1033</EventID><Level>4</Level><Task>0</Task><Keywords>Keywords</Keywords><TimeCreated SystemTime="2026-02-05T22:45:04Z"/><EventRecordID>33237656</EventRecordID><Channel>Application</Channel><Computer>172-24-0-114</Computer><Security/></System><EventData><Data>Application 'MACHINE/WEBROOT/APPHOST/MAWSFNPLACEHOLDER54_F_V4_NODE_20_X86' has shutdown.</Data><Data>Process Id: 8104.</Data><Data>File Version: 18.0.25301.22. Description: IIS ASP.NET Core Module V2 Request Handler. Commit: </Data></EventData></Event><Event><System><Provider Name="IIS AspNetCore Module V2"/><EventID>1033</EventID><Level>4</Level><Task>0</Task><Keywords>Keywords</Keywords><TimeCreated SystemTime="2026-02-05T22:46:10Z"/><EventRecordID>33304109</EventRecordID><Channel>Application</Channel><Computer>172-24-0-114</Computer><Security/></System><EventData><Data>Application 'MACHINE/WEBROOT/APPHOST/MAWSFNPLACEHOLDER56_F_V4_NODE_20_X86' has shutdown.</Data><Data>Process Id: 6544.</Data><Data>File Version: 18.0.25301.22. Description: IIS ASP.NET Core Module V2 Request Handler. Commit: </Data></EventData></Event><Event><System><Provider Name="IIS AspNetCore Module V2"/><EventID>1032</EventID><Level>4</Level><Task>0</Task><Keywords>Keywords</Keywords><TimeCreated SystemTime="2026-02-05T22:46:19Z"/><EventRecordID>33312578</EventRecordID><Channel>Application</Channel><Computer>172-24-0-114</Computer><Security/></System><EventData><Data>Application 'C:\Program Files (x86)\SiteExtensions\Functions\4.1046.100\32bit\' started successfully.</Data><Data>Process Id: 3560.</Data><Data>File Version: 18.0.25301.22. Description: IIS ASP.NET Core Module V2 Request Handler. Commit: </Data></EventData></Event><Event><System><Provider Name="IIS AspNetCore Module V2"/><EventID>1033</EventID><Level>4</Level><Task>0</Task><Keywords>Keywords</Keywords><TimeCreated SystemTime="2026-02-05T22:47:14Z"/><EventRecordID>33367390</EventRecordID><Channel>Application</Channel><Computer>172-24-0-114</Computer><Security/></System><EventData><Data>Application 'MACHINE/WEBROOT/APPHOST/MAWSFNPLACEHOLDER56_F_V4_NODE_20_X86' has shutdown.</Data><Data>Process Id: 3560.</Data><Data>File Version: 18.0.25301.22. Description: IIS ASP.NET Core Module V2 Request Handler. Commit: </Data></EventData></Event><Event><System><Provider Name="IIS AspNetCore Module V2"/><EventID>1032</EventID><Level>4</Level><Task>0</Task><Keywords>Keywords</Keywords><TimeCreated SystemTime="2026-02-05T22:47:25Z"/><EventRecordID>33378515</EventRecordID><Channel>Application</Channel><Computer>172-24-0-114</Computer><Security/></System><EventData><Data>Application 'C:\Program Files (x86)\SiteExtensions\Functions\4.1046.100\32bit\' started successfully.</Data><Data>Process Id: 4464.</Data><Data>File Version: 18.0.25301.22. Description: IIS ASP.NET Core Module V2 Request Handler. Commit: </Data></EventData></Event><Event><System><Provider Name="IIS AspNetCore Module V2"/><EventID>1033</EventID><Level>4</Level><Task>0</Task><Keywords>Keywords</Keywords><TimeCreated SystemTime="2026-02-05T23:08:18Z"/><EventRecordID>34631468</EventRecordID><Channel>Application</Channel><Computer>172-24-0-114</Computer><Security/></System><EventData><Data>Application 'MACHINE/WEBROOT/APPHOST/MAWSFNPLACEHOLDER56_F_V4_NODE_20_X86' has shutdown.</Data><Data>Process Id: 4464.</Data><Data>File Version: 18.0.25301.22. Description: IIS ASP.NET Core Module V2 Request Handler. Commit: </Data></EventData></Event><Event><System><Provider Name="IIS AspNetCore Module V2"/><EventID>1033</EventID><Level>4</Level><Task>0</Task><Keywords>Keywords</Keywords><TimeCreated SystemTime="2026-02-05T23:41:09Z"/><EventRecordID>96229046</EventRecordID><Channel>Application</Channel><Computer>172-24-0-66</Computer><Security/></System><EventData><Data>Application 'MACHINE/WEBROOT/APPHOST/MAWSFNPLACEHOLDER143_F_V4_NODE_20_X86' has shutdown.</Data><Data>Process Id: 7928.</Data><Data>File Version: 18.0.25301.22. Description: IIS ASP.NET Core Module V2 Request Handler. Commit: </Data></EventData></Event></Events>