<step title="Incoming Request" date="2026-02-05T22:43:57.373" instance="a968ef" url="/api/zipdeploy" method="POST" type="request" pid="428,2,18" Content-Length="35387027" Content-Type="application/zip" Authorization="Bea..." Host="func-airecorder-dev.scm.azurewebsites.net" If-Match="*" User-Agent="functions-core-tools/4.6.0" X-ARR-LOG-ID="5e05212a-2a06-4a9d-92d5-cf7f2af0101b" CLIENT-IP="130.33.29.66:58855" X-SITE-DEPLOYMENT-ID="func-airecorder-dev" WAS-DEFAULT-HOSTNAME="func-airecorder-dev.scm.azurewebsites.net" X-Forwarded-Proto="https" X-AppService-Proto="https" X-Forwarded-TlsVersion="1.3" X-WAWS-Unencoded-URL="/api/zipdeploy" >
  <step title="ZipPushDeploy" date="2026-02-05T22:43:57.420" >
    <step title="Functions App ZipDeploy. Run from package." date="2026-02-05T22:43:57.436" /><!-- duration: 31ms -->
    <step title="Starting PushDeployAsync" date="2026-02-05T22:43:57.498" /><!-- duration: 16ms -->
    <step title="Updating shutdown sentinel last write time" date="2026-02-05T22:43:57.577" SemaphoreCount="6" /><!-- duration: 16ms -->
    <step title="LockFile &apos;C:\home\site\locks\deployments.lock&apos; acquired" date="2026-02-05T22:43:57.639" /><!-- duration: 31ms -->
    <step title="Saving request content to C:\home\data\SitePackages\20260205224357.zip" date="2026-02-05T22:43:57.717" >
      <step title="Total 35,387,027 bytes written to C:\home\data\SitePackages\20260205224357.zip" date="2026-02-05T22:43:58.139" /><!-- duration: 31ms -->
    </step><!-- duration: 2213ms -->
    <step title="LockFile &apos;C:\home\site\locks\deployments.lock&apos; released" date="2026-02-05T22:43:59.961" /><!-- duration: 31ms -->
    <step title="Starting FetchDeploy" date="2026-02-05T22:44:00.040" /><!-- duration: 16ms -->
    <step title="Attempting to fetch target branch HEAD" date="2026-02-05T22:44:00.086" /><!-- duration: 16ms -->
    <step title="Updating shutdown sentinel last write time" date="2026-02-05T22:44:00.149" SemaphoreCount="6" /><!-- duration: 16ms -->
    <step title="LockFile &apos;C:\home\site\locks\deployments.lock&apos; acquired" date="2026-02-05T22:44:00.196" /><!-- duration: 16ms -->
    <step title="Performing fetch based deployment" date="2026-02-05T22:44:00.243" >
      <step title="Creating temporary deployment" date="2026-02-05T22:44:00.258" /><!-- duration: 203ms -->
      <step title="Fetching changes." date="2026-02-05T22:44:00.727" /><!-- duration: 31ms -->
      <step title="Starting LocalZipHandler" date="2026-02-05T22:44:00.805" /><!-- duration: 31ms -->
      <step title="Starting ExtractTriggers" date="2026-02-05T22:44:00.852" /><!-- duration: 31ms -->
      <step title="None repository commit" date="2026-02-05T22:44:03.790" >
        <step title="Commit id: 512574287dcd4a06a9246a31fd5590dd" date="2026-02-05T22:44:03.821" Message="Created via a push deployment" AuthorName="N/A" AuthorEmail="N/A" /><!-- duration: 16ms -->
      </step><!-- duration: 78ms -->
      <step title="Before sending BuildRequestReceived status to /api/updatedeploystatus" date="2026-02-05T22:44:03.883" /><!-- duration: 31ms -->
      <step title="DeploymentManager.Deploy(id:512574287dcd4a06a9246a31fd5590dd)" date="2026-02-05T22:44:03.930" >
        <step title="Collecting changeset information" date="2026-02-05T22:44:03.977" /><!-- duration: 203ms -->
        <step title="Updating submodules" date="2026-02-05T22:44:04.211" >
          <step title="Updating submodules." date="2026-02-05T22:44:04.430" /><!-- duration: 16ms -->
        </step><!-- duration: 281ms -->
        <step title="Preparing deployment for commit id &apos;512574287d&apos;." date="2026-02-05T22:44:04.727" /><!-- duration: 31ms -->
        <step title="Determining deployment builder" date="2026-02-05T22:44:05.024" >
          <step title="Builder is RunFromZipSiteBuilder" date="2026-02-05T22:44:05.040" /><!-- duration: 31ms -->
        </step><!-- duration: 78ms -->
        <step title="Copying SSH keys" date="2026-02-05T22:44:05.180" /><!-- duration: 31ms -->
        <step title="Building" date="2026-02-05T22:44:05.243" >
          <step title="Skipping build. Project type: Run-From-Zip" date="2026-02-05T22:44:05.461" /><!-- duration: 16ms -->
          <step title="Skipping post build. Project type: Run-From-Zip" date="2026-02-05T22:44:05.696" /><!-- duration: 31ms -->
          <step title="Triggering recycle (preview mode disabled)." date="2026-02-05T22:44:05.977" /><!-- duration: 31ms -->
          <step title="Ignoring FS watcher based recycle request as this is a classic Windows app." date="2026-02-05T22:44:06.055" /><!-- duration: 31ms -->
          <step title="Deployment successful. DEPLOYMENTINFO: deploymentPath = Functions App ZipDeploy. Run from package., deployer = ZipDeploy, os = windows, sku = Dynamic, language = node, siteName = func-airecorder-dev, slotName = Production, siteHostName = func-airecorder-dev.azurewebsites.net, deploymentStatus = Success" date="2026-02-05T22:44:06.290" /><!-- duration: 16ms -->
        </step><!-- duration: 1641ms -->
      </step><!-- duration: 2984ms -->
      <step title="Cleaning up temp files" date="2026-02-05T22:44:06.946" /><!-- duration: 16ms -->
      <step title="Updating C:\home\data\SitePackages\packagename.txt with deployment 20260205224357.zip" date="2026-02-05T22:44:06.977" /><!-- duration: 47ms -->
      <step title="Begin HttpPost https://func-airecorder-dev.scm.azurewebsites.net/operations/settriggers, x-ms-request-id: 5e05212a-2a06-4a9d-92d5-cf7f2af0101b" date="2026-02-05T22:44:07.055" /><!-- duration: 31ms -->
      <step title="End HttpPost, status: OK" date="2026-02-05T22:44:07.165" /><!-- duration: 16ms -->
      <step title="Scheduling background sync triggers after delay" date="2026-02-05T22:44:07.211" /><!-- duration: 16ms -->
    </step><!-- duration: 7187ms -->
    <step title="LockFile &apos;C:\home\site\locks\deployments.lock&apos; released" date="2026-02-05T22:44:07.461" /><!-- duration: 31ms -->
  </step><!-- duration: 10104ms -->
  <step title="Outgoing response" date="2026-02-05T22:44:07.555" type="response" statusCode="200" statusText="OK" Server="Microsoft-IIS/10.0" x-ms-request-id="5e05212a-2a06-4a9d-92d5-cf7f2af0101b" Cache-Control="private" X-AspNet-Version="4.0.30319" /><!-- duration: 16ms -->
</step><!-- duration: 10229ms -->
