<step title="Incoming Request" date="2026-02-05T22:45:55.394" instance="a968ef" url="/api/zipdeploy" method="POST" type="request" pid="6972,2,7" Content-Length="35387027" Content-Type="application/zip" Authorization="Bea..." Host="func-airecorder-dev.scm.azurewebsites.net" If-Match="*" User-Agent="functions-core-tools/4.6.0" X-ARR-LOG-ID="107c29af-8d3a-4000-85f5-e46b2cf8036a" CLIENT-IP="130.33.29.66:58942" X-SITE-DEPLOYMENT-ID="func-airecorder-dev" WAS-DEFAULT-HOSTNAME="func-airecorder-dev.scm.azurewebsites.net" X-Forwarded-Proto="https" X-AppService-Proto="https" X-Forwarded-TlsVersion="1.3" X-WAWS-Unencoded-URL="/api/zipdeploy" >
  <step title="Cleanup Xml Logs" date="2026-02-05T22:45:55.425" /><!-- duration: 31ms -->
  <step title="ZipPushDeploy" date="2026-02-05T22:45:55.550" >
    <step title="Functions App ZipDeploy. Run from package." date="2026-02-05T22:45:55.581" /><!-- duration: 31ms -->
    <step title="Starting PushDeployAsync" date="2026-02-05T22:45:55.644" /><!-- duration: 16ms -->
    <step title="Updating shutdown sentinel last write time" date="2026-02-05T22:45:55.769" SemaphoreCount="7" /><!-- duration: 31ms -->
    <step title="LockFile &apos;C:\home\site\locks\deployments.lock&apos; acquired" date="2026-02-05T22:45:55.816" /><!-- duration: 31ms -->
    <step title="Deleting outdated zip file C:\home\data\SitePackages\20260205132120.zip" date="2026-02-05T22:45:55.925" /><!-- duration: 47ms -->
    <step title="Saving request content to C:\home\data\SitePackages\20260205224555.zip" date="2026-02-05T22:45:56.003" >
      <step title="Total 35,387,027 bytes written to C:\home\data\SitePackages\20260205224555.zip" date="2026-02-05T22:45:56.722" /><!-- duration: 47ms -->
    </step><!-- duration: 2054ms -->
    <step title="LockFile &apos;C:\home\site\locks\deployments.lock&apos; released" date="2026-02-05T22:45:58.100" /><!-- duration: 16ms -->
    <step title="Deleting shutdown sentinel file" date="2026-02-05T22:45:58.163" SemaphoreCount="8" /><!-- duration: 16ms -->
    <step title="Starting FetchDeploy" date="2026-02-05T22:45:58.210" /><!-- duration: 31ms -->
    <step title="Attempting to fetch target branch HEAD" date="2026-02-05T22:45:58.257" /><!-- duration: 47ms -->
    <step title="Updating shutdown sentinel last write time" date="2026-02-05T22:45:58.350" SemaphoreCount="7" /><!-- duration: 31ms -->
    <step title="LockFile &apos;C:\home\site\locks\deployments.lock&apos; acquired" date="2026-02-05T22:45:58.397" /><!-- duration: 31ms -->
    <step title="Performing fetch based deployment" date="2026-02-05T22:45:58.460" >
      <step title="Creating temporary deployment" date="2026-02-05T22:45:58.491" /><!-- duration: 141ms -->
      <step title="Fetching changes." date="2026-02-05T22:45:58.850" /><!-- duration: 31ms -->
      <step title="Starting LocalZipHandler" date="2026-02-05T22:45:58.929" /><!-- duration: 31ms -->
      <step title="Starting ExtractTriggers" date="2026-02-05T22:45:58.975" /><!-- duration: 31ms -->
      <step title="None repository commit" date="2026-02-05T22:46:01.775" >
        <step title="Commit id: 999df047f52440ed88c5d092e4cdcf7e" date="2026-02-05T22:46:01.822" Message="Created via a push deployment" AuthorName="N/A" AuthorEmail="N/A" /><!-- duration: 47ms -->
      </step><!-- duration: 125ms -->
      <step title="Before sending BuildRequestReceived status to /api/updatedeploystatus" date="2026-02-05T22:46:01.916" /><!-- duration: 31ms -->
      <step title="DeploymentManager.Deploy(id:999df047f52440ed88c5d092e4cdcf7e)" date="2026-02-05T22:46:01.978" >
        <step title="Collecting changeset information" date="2026-02-05T22:46:02.041" /><!-- duration: 234ms -->
        <step title="Updating submodules" date="2026-02-05T22:46:02.306" >
          <step title="Updating submodules." date="2026-02-05T22:46:02.525" /><!-- duration: 94ms -->
        </step><!-- duration: 359ms -->
        <step title="Preparing deployment for commit id &apos;999df047f5&apos;." date="2026-02-05T22:46:02.916" /><!-- duration: 16ms -->
        <step title="Determining deployment builder" date="2026-02-05T22:46:03.197" >
          <step title="Builder is RunFromZipSiteBuilder" date="2026-02-05T22:46:03.212" /><!-- duration: 31ms -->
        </step><!-- duration: 94ms -->
        <step title="Copying SSH keys" date="2026-02-05T22:46:03.369" /><!-- duration: 47ms -->
        <step title="Building" date="2026-02-05T22:46:03.431" >
          <step title="Skipping build. Project type: Run-From-Zip" date="2026-02-05T22:46:03.666" /><!-- duration: 16ms -->
          <step title="Skipping post build. Project type: Run-From-Zip" date="2026-02-05T22:46:03.931" /><!-- duration: 16ms -->
          <step title="Triggering recycle (preview mode disabled)." date="2026-02-05T22:46:04.244" /><!-- duration: 31ms -->
          <step title="Ignoring FS watcher based recycle request as this is a classic Windows app." date="2026-02-05T22:46:04.322" /><!-- duration: 31ms -->
          <step title="Deployment successful. DEPLOYMENTINFO: deploymentPath = Functions App ZipDeploy. Run from package., deployer = ZipDeploy, os = windows, sku = Dynamic, language = node, siteName = func-airecorder-dev, slotName = Production, siteHostName = func-airecorder-dev.azurewebsites.net, deploymentStatus = Success" date="2026-02-05T22:46:04.556" /><!-- duration: 31ms -->
        </step><!-- duration: 1797ms -->
      </step><!-- duration: 3266ms -->
      <step title="Cleaning up temp files" date="2026-02-05T22:46:05.275" /><!-- duration: 31ms -->
      <step title="Updating C:\home\data\SitePackages\packagename.txt with deployment 20260205224555.zip" date="2026-02-05T22:46:05.322" /><!-- duration: 62ms -->
      <step title="Begin HttpPost https://func-airecorder-dev.scm.azurewebsites.net/operations/settriggers, x-ms-request-id: 107c29af-8d3a-4000-85f5-e46b2cf8036a" date="2026-02-05T22:46:05.447" /><!-- duration: 16ms -->
      <step title="End HttpPost, status: OK" date="2026-02-05T22:46:05.759" /><!-- duration: 31ms -->
      <step title="Scheduling background sync triggers after delay" date="2026-02-05T22:46:05.806" /><!-- duration: 31ms -->
    </step><!-- duration: 7659ms -->
    <step title="LockFile &apos;C:\home\site\locks\deployments.lock&apos; released" date="2026-02-05T22:46:06.166" /><!-- duration: 31ms -->
  </step><!-- duration: 10694ms -->
  <step title="Outgoing response" date="2026-02-05T22:46:06.275" type="response" statusCode="200" statusText="OK" Server="Microsoft-IIS/10.0" x-ms-request-id="107c29af-8d3a-4000-85f5-e46b2cf8036a" Cache-Control="private" X-AspNet-Version="4.0.30319" /><!-- duration: 31ms -->
</step><!-- duration: 10959ms -->
