<step title="Incoming Request" date="2026-02-05T22:46:58.142" instance="a968ef" url="/api/zipdeploy" method="POST" type="request" pid="6972,2,11" Content-Length="35387058" Content-Type="application/zip" Authorization="Bea..." Host="func-airecorder-dev.scm.azurewebsites.net" If-Match="*" User-Agent="functions-core-tools/4.6.0" X-ARR-LOG-ID="19c8206d-a79f-43cf-8806-244b92dbd30a" CLIENT-IP="130.33.29.66:64269" X-SITE-DEPLOYMENT-ID="func-airecorder-dev" WAS-DEFAULT-HOSTNAME="func-airecorder-dev.scm.azurewebsites.net" X-Forwarded-Proto="https" X-AppService-Proto="https" X-Forwarded-TlsVersion="1.3" X-WAWS-Unencoded-URL="/api/zipdeploy" >
  <step title="ZipPushDeploy" date="2026-02-05T22:46:58.205" >
    <step title="Functions App ZipDeploy. Run from package." date="2026-02-05T22:46:58.236" /><!-- duration: 31ms -->
    <step title="Starting PushDeployAsync" date="2026-02-05T22:46:58.283" /><!-- duration: 31ms -->
    <step title="Updating shutdown sentinel last write time" date="2026-02-05T22:46:58.392" SemaphoreCount="6" /><!-- duration: 31ms -->
    <step title="LockFile &apos;C:\home\site\locks\deployments.lock&apos; acquired" date="2026-02-05T22:46:58.439" /><!-- duration: 31ms -->
    <step title="Deleting outdated zip file C:\home\data\SitePackages\20260205224254.zip" date="2026-02-05T22:46:58.533" /><!-- duration: 47ms -->
    <step title="Saving request content to C:\home\data\SitePackages\20260205224658.zip" date="2026-02-05T22:46:58.595" >
      <step title="Total 35,387,058 bytes written to C:\home\data\SitePackages\20260205224658.zip" date="2026-02-05T22:46:59.205" /><!-- duration: 31ms -->
    </step><!-- duration: 2484ms -->
    <step title="LockFile &apos;C:\home\site\locks\deployments.lock&apos; released" date="2026-02-05T22:47:01.126" /><!-- duration: 31ms -->
    <step title="Starting FetchDeploy" date="2026-02-05T22:47:01.220" /><!-- duration: 16ms -->
    <step title="Attempting to fetch target branch HEAD" date="2026-02-05T22:47:01.267" /><!-- duration: 16ms -->
    <step title="Updating shutdown sentinel last write time" date="2026-02-05T22:47:01.329" SemaphoreCount="6" /><!-- duration: 31ms -->
    <step title="LockFile &apos;C:\home\site\locks\deployments.lock&apos; acquired" date="2026-02-05T22:47:01.376" /><!-- duration: 31ms -->
    <step title="Performing fetch based deployment" date="2026-02-05T22:47:01.439" >
      <step title="Creating temporary deployment" date="2026-02-05T22:47:01.454" /><!-- duration: 172ms -->
      <step title="Fetching changes." date="2026-02-05T22:47:01.860" /><!-- duration: 31ms -->
      <step title="Starting LocalZipHandler" date="2026-02-05T22:47:01.970" /><!-- duration: 16ms -->
      <step title="Starting ExtractTriggers" date="2026-02-05T22:47:02.017" /><!-- duration: 31ms -->
      <step title="None repository commit" date="2026-02-05T22:47:05.018" >
        <step title="Commit id: 8811b12a24374f9f8ddeb1bc30387016" date="2026-02-05T22:47:05.034" Message="Created via a push deployment" AuthorName="N/A" AuthorEmail="N/A" /><!-- duration: 31ms -->
      </step><!-- duration: 78ms -->
      <step title="Before sending BuildRequestReceived status to /api/updatedeploystatus" date="2026-02-05T22:47:05.127" /><!-- duration: 31ms -->
      <step title="DeploymentManager.Deploy(id:8811b12a24374f9f8ddeb1bc30387016)" date="2026-02-05T22:47:05.190" >
        <step title="Collecting changeset information" date="2026-02-05T22:47:05.252" /><!-- duration: 172ms -->
        <step title="Updating submodules" date="2026-02-05T22:47:05.471" >
          <step title="Updating submodules." date="2026-02-05T22:47:05.721" /><!-- duration: 16ms -->
        </step><!-- duration: 328ms -->
        <step title="Preparing deployment for commit id &apos;8811b12a24&apos;." date="2026-02-05T22:47:06.034" /><!-- duration: 31ms -->
        <step title="Determining deployment builder" date="2026-02-05T22:47:06.299" >
          <step title="Builder is RunFromZipSiteBuilder" date="2026-02-05T22:47:06.315" /><!-- duration: 31ms -->
        </step><!-- duration: 63ms -->
        <step title="Copying SSH keys" date="2026-02-05T22:47:06.456" /><!-- duration: 31ms -->
        <step title="Building" date="2026-02-05T22:47:06.502" >
          <step title="Skipping build. Project type: Run-From-Zip" date="2026-02-05T22:47:06.737" /><!-- duration: 31ms -->
          <step title="Skipping post build. Project type: Run-From-Zip" date="2026-02-05T22:47:07.002" /><!-- duration: 31ms -->
          <step title="Triggering recycle (preview mode disabled)." date="2026-02-05T22:47:07.284" /><!-- duration: 31ms -->
          <step title="Ignoring FS watcher based recycle request as this is a classic Windows app." date="2026-02-05T22:47:07.377" /><!-- duration: 31ms -->
          <step title="Deployment successful. DEPLOYMENTINFO: deploymentPath = Functions App ZipDeploy. Run from package., deployer = ZipDeploy, os = windows, sku = Dynamic, language = node, siteName = func-airecorder-dev, slotName = Production, siteHostName = func-airecorder-dev.azurewebsites.net, deploymentStatus = Success" date="2026-02-05T22:47:07.627" /><!-- duration: 31ms -->
        </step><!-- duration: 1813ms -->
      </step><!-- duration: 3156ms -->
      <step title="Cleaning up temp files" date="2026-02-05T22:47:08.362" /><!-- duration: 42ms -->
      <step title="Updating C:\home\data\SitePackages\packagename.txt with deployment 20260205224658.zip" date="2026-02-05T22:47:08.441" /><!-- duration: 62ms -->
      <step title="Begin HttpPost https://func-airecorder-dev.scm.azurewebsites.net/operations/settriggers, x-ms-request-id: 19c8206d-a79f-43cf-8806-244b92dbd30a" date="2026-02-05T22:47:08.535" /><!-- duration: 16ms -->
      <step title="End HttpPost, status: OK" date="2026-02-05T22:47:08.628" /><!-- duration: 16ms -->
      <step title="Scheduling background sync triggers after delay" date="2026-02-05T22:47:08.675" /><!-- duration: 31ms -->
    </step><!-- duration: 7534ms -->
    <step title="LockFile &apos;C:\home\site\locks\deployments.lock&apos; released" date="2026-02-05T22:47:09.019" /><!-- duration: 31ms -->
  </step><!-- duration: 10908ms -->
  <step title="Outgoing response" date="2026-02-05T22:47:09.160" type="response" statusCode="200" statusText="OK" Server="Microsoft-IIS/10.0" x-ms-request-id="19c8206d-a79f-43cf-8806-244b92dbd30a" Cache-Control="private" X-AspNet-Version="4.0.30319" /><!-- duration: 31ms -->
</step><!-- duration: 11064ms -->
