<step title="Incoming Request" date="2026-02-05T22:42:54.526" instance="a968ef" url="/api/zipdeploy" method="POST" type="request" pid="428,2,18" Content-Length="35387027" Content-Type="application/zip" Authorization="Bea..." Host="func-airecorder-dev.scm.azurewebsites.net" If-Match="*" User-Agent="functions-core-tools/4.6.0" X-ARR-LOG-ID="4a04a075-a993-4e5b-a498-d321325f8e12" CLIENT-IP="130.33.29.66:55808" X-SITE-DEPLOYMENT-ID="func-airecorder-dev" WAS-DEFAULT-HOSTNAME="func-airecorder-dev.scm.azurewebsites.net" X-Forwarded-Proto="https" X-AppService-Proto="https" X-Forwarded-TlsVersion="1.3" X-WAWS-Unencoded-URL="/api/zipdeploy" >
  <step title="Cleanup Xml Logs" date="2026-02-05T22:42:54.542" /><!-- duration: 47ms -->
  <step title="ZipPushDeploy" date="2026-02-05T22:42:54.698" >
    <step title="Functions App ZipDeploy. Run from package." date="2026-02-05T22:42:54.729" /><!-- duration: 31ms -->
    <step title="Starting PushDeployAsync" date="2026-02-05T22:42:54.807" /><!-- duration: 16ms -->
    <step title="Updating shutdown sentinel last write time" date="2026-02-05T22:42:55.012" SemaphoreCount="7" /><!-- duration: 16ms -->
    <step title="LockFile &apos;C:\home\site\locks\deployments.lock&apos; acquired" date="2026-02-05T22:42:55.090" /><!-- duration: 16ms -->
    <step title="Saving request content to C:\home\data\SitePackages\20260205224254.zip" date="2026-02-05T22:42:55.168" >
      <step title="Total 35,387,027 bytes written to C:\home\data\SitePackages\20260205224254.zip" date="2026-02-05T22:42:55.591" /><!-- duration: 47ms -->
    </step><!-- duration: 1797ms -->
    <step title="LockFile &apos;C:\home\site\locks\deployments.lock&apos; released" date="2026-02-05T22:42:56.997" /><!-- duration: 31ms -->
    <step title="Deleting shutdown sentinel file" date="2026-02-05T22:42:57.059" SemaphoreCount="8" /><!-- duration: 31ms -->
    <step title="Starting FetchDeploy" date="2026-02-05T22:42:57.106" /><!-- duration: 31ms -->
    <step title="Attempting to fetch target branch HEAD" date="2026-02-05T22:42:57.153" /><!-- duration: 31ms -->
    <step title="Updating shutdown sentinel last write time" date="2026-02-05T22:42:57.231" SemaphoreCount="7" /><!-- duration: 16ms -->
    <step title="LockFile &apos;C:\home\site\locks\deployments.lock&apos; acquired" date="2026-02-05T22:42:57.278" /><!-- duration: 16ms -->
    <step title="Performing fetch based deployment" date="2026-02-05T22:42:57.325" >
      <step title="Creating temporary deployment" date="2026-02-05T22:42:57.341" /><!-- duration: 188ms -->
      <step title="Fetching changes." date="2026-02-05T22:42:57.747" /><!-- duration: 31ms -->
      <step title="Starting LocalZipHandler" date="2026-02-05T22:42:57.825" /><!-- duration: 16ms -->
      <step title="Starting ExtractTriggers" date="2026-02-05T22:42:57.887" /><!-- duration: 16ms -->
      <step title="None repository commit" date="2026-02-05T22:43:00.858" >
        <step title="Commit id: 51f7b6fd4fbe4d5d89d9b37b5c1bb0d8" date="2026-02-05T22:43:00.873" Message="Created via a push deployment" AuthorName="N/A" AuthorEmail="N/A" /><!-- duration: 16ms -->
      </step><!-- duration: 63ms -->
      <step title="Before sending BuildRequestReceived status to /api/updatedeploystatus" date="2026-02-05T22:43:00.936" /><!-- duration: 31ms -->
      <step title="DeploymentManager.Deploy(id:51f7b6fd4fbe4d5d89d9b37b5c1bb0d8)" date="2026-02-05T22:43:00.983" >
        <step title="Collecting changeset information" date="2026-02-05T22:43:01.045" /><!-- duration: 187ms -->
        <step title="Updating submodules" date="2026-02-05T22:43:01.264" >
          <step title="Updating submodules." date="2026-02-05T22:43:01.498" /><!-- duration: 31ms -->
        </step><!-- duration: 313ms -->
        <step title="Preparing deployment for commit id &apos;51f7b6fd4f&apos;." date="2026-02-05T22:43:01.779" /><!-- duration: 31ms -->
        <step title="Determining deployment builder" date="2026-02-05T22:43:01.998" >
          <step title="Builder is RunFromZipSiteBuilder" date="2026-02-05T22:43:02.029" /><!-- duration: 16ms -->
        </step><!-- duration: 78ms -->
        <step title="Copying SSH keys" date="2026-02-05T22:43:02.186" /><!-- duration: 47ms -->
        <step title="Building" date="2026-02-05T22:43:02.248" >
          <step title="Skipping build. Project type: Run-From-Zip" date="2026-02-05T22:43:02.451" /><!-- duration: 31ms -->
          <step title="Skipping post build. Project type: Run-From-Zip" date="2026-02-05T22:43:02.717" /><!-- duration: 16ms -->
          <step title="Triggering recycle (preview mode disabled)." date="2026-02-05T22:43:02.983" /><!-- duration: 31ms -->
          <step title="Ignoring FS watcher based recycle request as this is a classic Windows app." date="2026-02-05T22:43:03.061" /><!-- duration: 31ms -->
          <step title="Deployment successful. DEPLOYMENTINFO: deploymentPath = Functions App ZipDeploy. Run from package., deployer = ZipDeploy, os = windows, sku = Dynamic, language = node, siteName = func-airecorder-dev, slotName = Production, siteHostName = func-airecorder-dev.azurewebsites.net, deploymentStatus = Success" date="2026-02-05T22:43:03.311" /><!-- duration: 47ms -->
        </step><!-- duration: 1672ms -->
      </step><!-- duration: 2953ms -->
      <step title="Cleaning up temp files" date="2026-02-05T22:43:03.967" /><!-- duration: 16ms -->
      <step title="Updating C:\home\data\SitePackages\packagename.txt with deployment 20260205224254.zip" date="2026-02-05T22:43:04.014" /><!-- duration: 94ms -->
      <step title="Begin HttpPost https://func-airecorder-dev.scm.azurewebsites.net/operations/settriggers, x-ms-request-id: 4a04a075-a993-4e5b-a498-d321325f8e12" date="2026-02-05T22:43:04.186" /><!-- duration: 31ms -->
      <step title="End HttpPost, status: OK" date="2026-02-05T22:43:04.608" /><!-- duration: 47ms -->
      <step title="Scheduling background sync triggers after delay" date="2026-02-05T22:43:04.670" /><!-- duration: 31ms -->
    </step><!-- duration: 7595ms -->
    <step title="LockFile &apos;C:\home\site\locks\deployments.lock&apos; released" date="2026-02-05T22:43:04.951" /><!-- duration: 31ms -->
  </step><!-- duration: 10331ms -->
  <step title="Outgoing response" date="2026-02-05T22:43:05.061" type="response" statusCode="200" statusText="OK" Server="Microsoft-IIS/10.0" x-ms-request-id="4a04a075-a993-4e5b-a498-d321325f8e12" Cache-Control="private" X-AspNet-Version="4.0.30319" /><!-- duration: 31ms -->
</step><!-- duration: 10581ms -->
