<step title="Incoming Request" date="2026-02-05T13:21:19.398" instance="3086fe" url="/api/zipdeploy" method="POST" type="request" pid="3172,2,7" Connection="Keep-Alive" Content-Length="35381839" Content-Type="application/zip" Authorization="Bea..." Host="func-airecorder-dev.scm.azurewebsites.net" If-Match="*" User-Agent="functions-core-tools/4.6.0" X-ARR-LOG-ID="65af5add-d97c-4a70-a167-6bbba74f1400" CLIENT-IP="130.33.29.66:63687" X-SITE-DEPLOYMENT-ID="func-airecorder-dev" WAS-DEFAULT-HOSTNAME="func-airecorder-dev.scm.azurewebsites.net" X-Forwarded-Proto="https" X-AppService-Proto="https" X-Forwarded-TlsVersion="1.3" X-WAWS-Unencoded-URL="/api/zipdeploy" X-MS-COLDSTART="1" >
  <step title="ZipPushDeploy" date="2026-02-05T13:21:20.195" >
    <step title="Functions App ZipDeploy. Run from package." date="2026-02-05T13:21:20.241" /><!-- duration: 31ms -->
    <step title="Starting PushDeployAsync" date="2026-02-05T13:21:20.304" /><!-- duration: 31ms -->
    <step title="Updating shutdown sentinel last write time" date="2026-02-05T13:21:20.476" SemaphoreCount="7" /><!-- duration: 16ms -->
    <step title="LockFile &apos;C:\home\site\locks\deployments.lock&apos; acquired" date="2026-02-05T13:21:20.523" /><!-- duration: 31ms -->
    <step title="Saving request content to C:\home\data\SitePackages\20260205132120.zip" date="2026-02-05T13:21:20.601" >
      <step title="Total 35,381,839 bytes written to C:\home\data\SitePackages\20260205132120.zip" date="2026-02-05T13:21:21.523" /><!-- duration: 16ms -->
    </step><!-- duration: 2364ms -->
    <step title="LockFile &apos;C:\home\site\locks\deployments.lock&apos; released" date="2026-02-05T13:21:22.996" /><!-- duration: 16ms -->
    <step title="Deleting shutdown sentinel file" date="2026-02-05T13:21:23.075" SemaphoreCount="8" /><!-- duration: 14ms -->
    <step title="Starting FetchDeploy" date="2026-02-05T13:21:23.261" /><!-- duration: 31ms -->
    <step title="Attempting to fetch target branch HEAD" date="2026-02-05T13:21:23.324" /><!-- duration: 16ms -->
    <step title="Updating shutdown sentinel last write time" date="2026-02-05T13:21:23.433" SemaphoreCount="7" /><!-- duration: 16ms -->
    <step title="LockFile &apos;C:\home\site\locks\deployments.lock&apos; acquired" date="2026-02-05T13:21:23.480" /><!-- duration: 16ms -->
    <step title="Performing fetch based deployment" date="2026-02-05T13:21:23.527" >
      <step title="Creating temporary deployment" date="2026-02-05T13:21:23.574" /><!-- duration: 172ms -->
      <step title="Fetching changes." date="2026-02-05T13:21:24.011" /><!-- duration: 16ms -->
      <step title="Starting LocalZipHandler" date="2026-02-05T13:21:24.090" /><!-- duration: 31ms -->
      <step title="Starting ExtractTriggers" date="2026-02-05T13:21:24.152" /><!-- duration: 31ms -->
      <step title="None repository commit" date="2026-02-05T13:21:26.951" >
        <step title="Commit id: bb6f86bcc5614a42a51d4fe87261fe0c" date="2026-02-05T13:21:26.966" Message="Created via a push deployment" AuthorName="N/A" AuthorEmail="N/A" /><!-- duration: 31ms -->
      </step><!-- duration: 62ms -->
      <step title="Before sending BuildRequestReceived status to /api/updatedeploystatus" date="2026-02-05T13:21:27.044" /><!-- duration: 34ms -->
      <step title="DeploymentManager.Deploy(id:bb6f86bcc5614a42a51d4fe87261fe0c)" date="2026-02-05T13:21:27.091" >
        <step title="Collecting changeset information" date="2026-02-05T13:21:27.154" /><!-- duration: 172ms -->
        <step title="Updating submodules" date="2026-02-05T13:21:27.357" >
          <step title="Updating submodules." date="2026-02-05T13:21:27.560" /><!-- duration: 31ms -->
        </step><!-- duration: 281ms -->
        <step title="Preparing deployment for commit id &apos;bb6f86bcc5&apos;." date="2026-02-05T13:21:27.857" /><!-- duration: 16ms -->
        <step title="Determining deployment builder" date="2026-02-05T13:21:28.107" >
          <step title="Builder is RunFromZipSiteBuilder" date="2026-02-05T13:21:28.138" /><!-- duration: 16ms -->
        </step><!-- duration: 78ms -->
        <step title="Copying SSH keys" date="2026-02-05T13:21:28.263" /><!-- duration: 31ms -->
        <step title="Building" date="2026-02-05T13:21:28.327" >
          <step title="Skipping build. Project type: Run-From-Zip" date="2026-02-05T13:21:28.529" /><!-- duration: 31ms -->
          <step title="Skipping post build. Project type: Run-From-Zip" date="2026-02-05T13:21:28.810" /><!-- duration: 16ms -->
          <step title="Triggering recycle (preview mode disabled)." date="2026-02-05T13:21:29.107" /><!-- duration: 31ms -->
          <step title="Ignoring FS watcher based recycle request as this is a classic Windows app." date="2026-02-05T13:21:29.185" /><!-- duration: 31ms -->
          <step title="Deployment successful. DEPLOYMENTINFO: deploymentPath = Functions App ZipDeploy. Run from package., deployer = ZipDeploy, os = windows, sku = Dynamic, language = node, siteName = func-airecorder-dev, slotName = Production, siteHostName = func-airecorder-dev.azurewebsites.net, deploymentStatus = Success" date="2026-02-05T13:21:29.419" /><!-- duration: 31ms -->
        </step><!-- duration: 1701ms -->
      </step><!-- duration: 2969ms -->
      <step title="Cleaning up temp files" date="2026-02-05T13:21:30.076" /><!-- duration: 31ms -->
      <step title="Updating C:\home\data\SitePackages\packagename.txt with deployment 20260205132120.zip" date="2026-02-05T13:21:30.123" /><!-- duration: 62ms -->
      <step title="Begin HttpPost https://func-airecorder-dev.scm.azurewebsites.net/operations/settriggers, x-ms-request-id: 65af5add-d97c-4a70-a167-6bbba74f1400" date="2026-02-05T13:21:30.263" /><!-- duration: 31ms -->
      <step title="End HttpPost, status: OK" date="2026-02-05T13:21:30.685" /><!-- duration: 16ms -->
      <step title="Scheduling background sync triggers after delay" date="2026-02-05T13:21:30.732" /><!-- duration: 16ms -->
    </step><!-- duration: 7471ms -->
    <step title="LockFile &apos;C:\home\site\locks\deployments.lock&apos; released" date="2026-02-05T13:21:31.030" /><!-- duration: 31ms -->
  </step><!-- duration: 10913ms -->
  <step title="Outgoing response" date="2026-02-05T13:21:31.170" type="response" statusCode="200" statusText="OK" Server="Microsoft-IIS/10.0" x-ms-request-id="65af5add-d97c-4a70-a167-6bbba74f1400" Cache-Control="private" X-AspNet-Version="4.0.30319" /><!-- duration: 31ms -->
</step><!-- duration: 11835ms -->
