{"TimeStamp":"2026-02-05T22:47:07Z","SiteName":"func-airecorder-dev","RequestId":"19c8206d-a79f-43cf-8806-244b92dbd30a","Kind":"ZipDeploy","Status":"Success","Details":"{\"Id\":\"8811b12a24374f9f8ddeb1bc30387016\",\"Status\":4,\"StatusText\":\"\",\"AuthorEmail\":\"N/A\",\"Author\":\"N/A\",\"Message\":\"Created via a push deployment\",\"Progress\":\"\",\"Deployer\":\"ZipDeploy\",\"ReceivedTime\":\"2026-02-05T22:47:05.3310626Z\",\"StartTime\":\"2026-02-05T22:47:06.1904237Z\",\"EndTime\":\"2026-02-05T22:47:07.7841827Z\",\"LastSuccessEndTime\":\"2026-02-05T22:47:07.7841827Z\",\"Complete\":true,\"IsTemporary\":false,\"IsReadOnly\":true,\"SiteName\":\"func-airecorder-dev\",\"HostName\":\"func-airecorder-dev.scm.azurewebsites.net\",\"ProjectType\":\"Run-From-Zip\",\"VsProjectId\":null}"}