﻿<?xml version="1.0" encoding="utf-8"?>
<deployment>
  <id>512574287dcd4a06a9246a31fd5590dd</id>
  <author>N/A</author>
  <deployer>ZipDeploy</deployer>
  <authorEmail>N/A</authorEmail>
  <message>Created via a push deployment</message>
  <progress></progress>
  <status>Success</status>
  <statusText></statusText>
  <lastSuccessEndTime>2026-02-05T22:44:06.4307272Z</lastSuccessEndTime>
  <receivedTime>2026-02-05T22:44:04.0557585Z</receivedTime>
  <startTime>2026-02-05T22:44:04.8994812Z</startTime>
  <endTime>2026-02-05T22:44:06.4307272Z</endTime>
  <complete>True</complete>
  <is_temp>False</is_temp>
  <is_readonly>True</is_readonly>
  <project_type>Run-From-Zip</project_type>
  <vsproject_id></vsproject_id>
</deployment>