﻿<?xml version="1.0" encoding="utf-8"?>
<deployment>
  <id>999df047f52440ed88c5d092e4cdcf7e</id>
  <author>N/A</author>
  <deployer>ZipDeploy</deployer>
  <authorEmail>N/A</authorEmail>
  <message>Created via a push deployment</message>
  <progress></progress>
  <status>Success</status>
  <statusText></statusText>
  <lastSuccessEndTime>2026-02-05T22:46:04.6972719Z</lastSuccessEndTime>
  <receivedTime>2026-02-05T22:46:02.1347631Z</receivedTime>
  <startTime>2026-02-05T22:46:03.0879023Z</startTime>
  <endTime>2026-02-05T22:46:04.6972719Z</endTime>
  <complete>True</complete>
  <is_temp>False</is_temp>
  <is_readonly>True</is_readonly>
  <project_type>Run-From-Zip</project_type>
  <vsproject_id></vsproject_id>
</deployment>