﻿<?xml version="1.0" encoding="utf-8"?>
<deployment>
  <id>51f7b6fd4fbe4d5d89d9b37b5c1bb0d8</id>
  <author>N/A</author>
  <deployer>ZipDeploy</deployer>
  <authorEmail>N/A</authorEmail>
  <message>Created via a push deployment</message>
  <progress></progress>
  <status>Success</status>
  <statusText></statusText>
  <lastSuccessEndTime>2026-02-05T22:43:03.452048Z</lastSuccessEndTime>
  <receivedTime>2026-02-05T22:43:01.1393136Z</receivedTime>
  <startTime>2026-02-05T22:43:01.9049337Z</startTime>
  <endTime>2026-02-05T22:43:03.452048Z</endTime>
  <complete>True</complete>
  <is_temp>False</is_temp>
  <is_readonly>True</is_readonly>
  <project_type>Run-From-Zip</project_type>
  <vsproject_id></vsproject_id>
</deployment>