﻿<?xml version="1.0" encoding="utf-8"?>
<deployment>
  <id>8811b12a24374f9f8ddeb1bc30387016</id>
  <author>N/A</author>
  <deployer>ZipDeploy</deployer>
  <authorEmail>N/A</authorEmail>
  <message>Created via a push deployment</message>
  <progress></progress>
  <status>Success</status>
  <statusText></statusText>
  <lastSuccessEndTime>2026-02-05T22:47:07.7841827Z</lastSuccessEndTime>
  <receivedTime>2026-02-05T22:47:05.3310626Z</receivedTime>
  <startTime>2026-02-05T22:47:06.1904237Z</startTime>
  <endTime>2026-02-05T22:47:07.7841827Z</endTime>
  <complete>True</complete>
  <is_temp>False</is_temp>
  <is_readonly>True</is_readonly>
  <project_type>Run-From-Zip</project_type>
  <vsproject_id></vsproject_id>
</deployment>